location,avg_temperature,avg_humidity
BuildingA_Floor1,24.09305555555555,52.592222222222205
BuildingA_Floor2,24.064246575342466,55.25287671232877
BuildingB_Floor2,23.996122448979587,55.97088435374148
BuildingB_Floor1,23.92342857142858,54.507257142857135
